﻿Designator,Footprint,Quantity,Value,LCSC Part #
"C1, C2, C3, C4",1206,4,C_Small,
"C10, C11, C5, C6, C9",1206,5,10u,
"C12, C13",1206,2,100n,
C14,1206,1,1u,
"C7, C8",Super Capacitor,2,500F,
"D1, D2",D_MiniMELF,2,D_Zener,
"D4, D5, D6",D_SMA,3,SS34,
J1,PinHeader_1x02_P2.54mm_Vertical,1,PV_IN_1,
J10,PinHeader_1x04_P2.54mm_Vertical,1,SERIAL,
J2,PinHeader_1x02_P2.54mm_Vertical,1,PV_IN_2,
J3,ATH20 + BMP280,1,AHT20 + BMP280,
J4,VEML7700,1,VEML7700,
J5,PinHeader_1x04_P2.54mm_Vertical,1,ADDITIONAL I2C,
J6,RF_TRANSMITTER,1,RF_TRANSMITTER,
J7,IDC-Header_2x03_P2.54mm_Vertical,1,AVR-ISP-6,
J8,PinHeader_1x03_P2.54mm_Vertical,1,GEIGER,
J9,PinHeader_1x03_P2.54mm_Vertical,1,1_WIRE,
L1,IND_CD54_SUM,1,L,
PS1,CONV_ME2108A33P,1,ME2108A33P,
"Q1, Q3, Q7, Q8",SOT-23,4,AO3401A,
"Q10, Q9",TO-220-3_Vertical+Radiator,2,2SC1945,
"Q11, Q4, Q5, Q6",SOT-23,4,AO3400A,
Q2,SOT-23,1,BC846,
"R1, R10, R11, R2, R7, R8",1206,6,R_Small,
"R14, R15, R16, R18, R19, R20, R21, R22, R3, R4, R5, R6, R9",1206,13,10k,
R17,1206,1,47k,
TP1,TestPoint_Pad_D2.0mm,1,V_HALF_CAP_TP,
TP2,TestPoint_Pad_D2.0mm,1,V_CAP_TP,
TP3,TestPoint_Pad_D2.0mm,1,V_BOOST_TP,
TP4,TestPoint_Pad_D2.0mm,1,VCC_TP,
TP5,TestPoint_Pad_D2.0mm,1,VCC_GEIGER_TP,
U1,TQFP-32_7x7mm_P0.8mm,1,ATmega328P-A,
U2,SOT-23-3,1,XC6206PxxxMR,
U3,SOT-89-3,1,HT75xx-1-SOT89,
Y1,Crystal_SMD_HC49-SD,1,Crystal_Small,
